residue_id,mean_variance,local_neighborhood_motion,in_anomaly_cluster
132,0.1273,0.4483,True
101,0.1672,0.8779,True
94,0.2592,0.8048,True
89,0.1832,0.9819,True
111,0.1114,0.6351,True
106,0.1221,0.6312,True
90,0.2117,1.1302,True
77,0.1273,0.7207,True
62,0.1216,0.7969,True
126,0.0888,0.5157,True
81,0.1136,0.8046,True
91,0.2325,0.9577,True
99,0.2540,0.8455,True
98,0.3032,1.1786,True
53,0.3993,1.2888,False
108,0.1692,0.6283,True
80,0.1195,0.7255,True
102,0.1222,0.7620,True
105,0.1254,0.6744,True
112,0.1190,0.5838,True
122,0.1051,0.4932,True
72,0.1069,0.7706,True
84,0.2071,0.8508,True
60,0.1380,0.7067,True
63,0.2141,0.8139,True
83,0.1309,0.8084,False
59,0.3149,0.8167,True
71,0.1013,0.8103,False
113,0.1376,0.7044,True
58,0.2194,0.8947,False
